date,day,period,nswprice,nswdemand,vicprice,vicdemand,transfer,target
0.889297,6,0.595745,0.028912,0.329069,0.001872,0.377007,0.673684,0
0.438388,1,0.87234,0.051609,0.409551,0.003467,0.422915,0.414912,0
0.433875,3,1.0,0.045334,0.373698,0.003467,0.422915,0.414912,0
0.894385,2,0.404255,0.082142,0.725528,0.005607,0.757897,0.354386,1
0.46905,6,0.851064,0.041401,0.301101,0.002734,0.271103,0.627193,1
0.902925,1,0.468085,0.111205,0.507438,0.007729,0.588555,0.535526,1
0.465466,1,0.446809,0.070494,0.583011,0.004813,0.509839,0.462281,1
0.030839,2,0.170213,0.075958,0.185064,0.003467,0.422915,0.414912,0
0.013318,3,0.744681,0.106341,0.803332,0.003467,0.422915,0.414912,1
0.469139,1,0.87234,0.027861,0.344094,0.001863,0.353444,0.538158,0
0.867086,0,0.574468,0.028131,0.276406,0.001907,0.153288,0.647368,0
0.464404,5,0.085106,0.029032,0.246206,0.001959,0.32755,0.45614,0
0.469581,4,0.787234,0.045425,0.445403,0.003091,0.341015,0.45,1
0.026813,2,0.680851,0.120121,0.553258,0.003467,0.422915,0.414912,1
0.031105,1,0.617021,0.102258,0.517852,0.003467,0.422915,0.414912,1
0.889739,2,0.680851,0.038129,0.598185,0.002703,0.638011,0.25307,0
0.000841,6,0.914894,0.122703,0.349598,0.003467,0.422915,0.414912,1
0.880404,1,0.787234,0.031704,0.638649,0.002152,0.627395,0.348246,1
0.026636,5,0.808511,0.059865,0.332193,0.003467,0.422915,0.414912,0
0.890182,5,0.085106,0.072235,0.454775,0.004738,0.489643,0.581579,1
0.912305,4,0.276596,0.101117,0.483785,0.007038,0.619627,0.239035,1
0.473342,5,0.085106,0.033986,0.189676,0.002347,0.272139,0.355702,0
0.456086,5,0.595745,0.033235,0.491967,0.002279,0.494562,0.391667,0
0.022123,0,0.87234,0.077429,0.350045,0.003467,0.422915,0.414912,1
0.867484,2,0.659574,0.038069,0.661262,0.002526,0.750388,0.449123,1
0.44268,1,0.829787,0.138255,0.610533,0.009323,0.516572,0.417544,1
0.912305,4,0.87234,0.043353,0.38917,0.002968,0.467633,0.305702,0
0.915623,2,0.595745,0.05275,0.503422,0.00361,0.591921,0.278947,0
0.018583,4,0.957447,0.050318,0.419667,0.003467,0.422915,0.414912,0
0.469581,4,0.446809,0.055662,0.552217,0.003695,0.4855,0.482018,1
0.443255,0,0.404255,0.043413,0.43856,0.002823,0.236924,0.74693,0
0.018008,5,0.893617,0.069713,0.358227,0.003467,0.422915,0.414912,0
0.880536,3,0.06383,0.036988,0.302886,0.00242,0.349819,0.566228,0
0.867484,2,0.617021,0.072655,0.663642,0.004865,0.80088,0.248246,1
0.430025,2,0.617021,0.095743,0.626153,0.003467,0.422915,0.414912,1
0.897969,0,0.914894,0.090639,0.567093,0.005428,0.417659,0.767105,1
0.02199,4,1.0,0.051219,0.417287,0.003467,0.422915,0.414912,0
0.469006,5,0.93617,0.043293,0.428444,0.002858,0.241326,0.637281,1
0.903367,4,0.978723,0.089768,0.495537,0.005914,0.537286,0.420175,1
0.469979,6,0.489362,0.030143,0.439155,0.002065,0.304764,0.570175,0
0.915667,3,0.148936,0.042632,0.158137,0.002838,0.228897,0.589035,0
0.894429,3,0.170213,0.037829,0.259595,0.002449,0.35681,0.704825,0
0.903367,4,0.021277,0.064609,0.426659,0.004308,0.419213,0.575877,1
0.425335,0,0.851064,0.084935,0.442279,0.003467,0.422915,0.414912,1
0.447458,5,0.787234,0.061487,0.74576,0.004391,0.617297,0.399123,1
0.90288,0,0.553191,0.054792,0.300208,0.003515,0.312791,0.757895,1
0.017654,4,0.361702,0.06644,0.523951,0.003467,0.422915,0.414912,0
0.425512,4,0.893617,0.074997,0.36507,0.003467,0.422915,0.414912,1
0.004203,6,0.702128,0.089708,0.420857,0.003467,0.422915,0.414912,1
0.889961,0,1.0,0.027231,0.41446,0.001764,0.388659,0.557456,0
0.459891,1,0.553191,0.041762,0.541357,0.002817,0.506473,0.565351,1
0.447591,1,0.787234,0.077699,0.803927,0.005397,0.627913,0.339474,1
0.425335,0,0.06383,0.067131,0.134186,0.003467,0.422915,0.414912,0
0.889076,1,1.0,0.029843,0.481256,0.001992,0.441222,0.542982,1
0.43383,2,0.553191,0.049538,0.558316,0.003467,0.422915,0.414912,1
0.868147,3,0.957447,0.032725,0.475602,0.002011,0.269808,0.852632,0
0.867705,0,0.553191,0.037649,0.515174,0.002287,0.247281,0.907018,1
0.004336,2,0.659574,0.045244,0.470396,0.003467,0.422915,0.414912,0
0.87151,3,0.638298,0.179206,0.779976,0.01161,0.683843,0.614912,1
0.868015,0,0.170213,0.024919,0.09521,0.000831,0.126359,0.836404,0
0.876775,1,0.361702,0.035457,0.666617,0.002366,0.591403,0.48114,1
0.425158,3,0.085106,0.056923,0.146683,0.003467,0.422915,0.414912,0
0.907924,2,0.234043,0.096433,0.380542,0.006419,0.478767,0.549561,1
0.903323,3,0.212766,0.037769,0.191758,0.002459,0.240031,0.761404,0
0.907305,2,0.829787,0.089948,0.487801,0.006115,0.648369,0.372807,0
0.872528,5,0.829787,0.029122,0.484677,0.001373,0.402123,0.769298,0
0.031326,6,0.361702,0.077819,0.312407,0.003467,0.422915,0.414912,1
0.885978,0,0.191489,0.02597,0.122731,0.001678,0.209477,0.803509,0
0.911907,2,0.553191,0.049928,0.526034,0.003342,0.553599,0.339474,0
0.89027,0,0.170213,0.021947,0.178072,0.001425,0.326515,0.764474,0
0.429317,0,0.255319,0.083794,0.42889,0.003467,0.422915,0.414912,0
0.469006,5,0.553191,0.053291,0.546266,0.003571,0.506732,0.313596,1
0.907969,3,0.12766,0.050528,0.188932,0.003351,0.336872,0.577193,0
0.000664,2,0.0,0.122703,0.491074,0.003467,0.422915,0.414912,1
0.894075,2,0.829787,0.080942,0.805713,0.005492,0.703263,0.410088,1
0.005133,6,0.212766,0.042122,0.096846,0.003467,0.422915,0.414912,0
0.027078,1,0.680851,0.077939,0.446742,0.003467,0.422915,0.414912,0
0.004203,6,0.276596,0.043833,0.129872,0.003467,0.422915,0.414912,0
0.89881,5,0.744681,0.056443,0.603838,0.003791,0.603314,0.449123,0
0.018052,6,0.93617,0.069713,0.318358,0.003467,0.422915,0.414912,1
0.424539,3,0.085106,0.040351,0.059209,0.003467,0.422915,0.414912,0
0.000664,2,0.12766,0.044224,0.241595,0.003467,0.422915,0.414912,0
0.424494,2,0.93617,0.075177,0.254835,0.003467,0.422915,0.414912,1
0.906818,5,0.617021,0.156029,0.588069,0.01053,0.447954,0.619737,1
0.013185,0,0.106383,0.040801,0.202916,0.003467,0.422915,0.414912,0
0.473652,5,0.425532,0.030143,0.598483,0.002017,0.674521,0.324561,0
0.871554,4,0.12766,0.018284,0.182535,0.000841,0.276541,0.886404,0
0.88558,5,0.553191,0.036628,0.501636,0.002624,0.627395,0.136842,0
0.875979,0,0.042553,0.029903,0.243529,0.001965,0.375971,0.472368,0
0.425335,0,0.297872,0.093821,0.415353,0.003467,0.422915,0.414912,1
0.030751,0,0.893617,0.098475,0.402261,0.003467,0.422915,0.414912,1
0.017831,1,0.680851,0.075688,0.444213,0.003467,0.422915,0.414912,1
0.018097,0,0.510638,0.089258,0.492115,0.003467,0.422915,0.414912,1
0.022521,2,0.893617,0.049117,0.365516,0.003467,0.422915,0.414912,0
0.464581,2,0.468085,0.112676,0.566647,0.007578,0.489125,0.538158,1
0.433565,3,0.361702,0.075297,0.561589,0.003467,0.422915,0.414912,1
0.004513,6,0.617021,0.043683,0.275067,0.003467,0.422915,0.414912,0
0.903279,2,0.723404,0.080972,0.50476,0.00548,0.561108,0.42807,1
0.465156,1,0.638298,0.041942,0.434395,0.002948,0.488607,0.05614,1
0.45144,4,0.06383,0.038219,0.476198,0.002576,0.526152,0.608772,0
0.907615,2,0.914894,0.042392,0.397203,0.002875,0.483687,0.422807,0
0.031149,2,0.510638,0.06569,0.505653,0.003467,0.422915,0.414912,0
0.897925,6,0.042553,0.084995,0.568581,0.005667,0.52667,0.600439,1
0.893677,0,0.319149,0.0396,0.356739,0.001288,0.198861,0.816228,0
0.004557,0,0.255319,0.081722,0.171824,0.003467,0.422915,0.414912,1
0.902925,1,0.319149,0.074306,0.500446,0.004983,0.544795,0.419298,1
0.885271,5,0.510638,0.040201,0.537191,0.002829,0.551787,0.261842,1
0.425778,3,0.510638,0.090068,0.547754,0.003467,0.422915,0.414912,1
0.442193,3,0.723404,0.177435,0.540018,0.003467,0.422915,0.414912,1
0.461042,6,0.851064,0.030023,0.357334,0.002075,0.307354,0.349561,1
0.425025,0,0.446809,0.06584,0.463553,0.003467,0.422915,0.414912,0
0.433565,3,0.595745,0.068242,0.500893,0.003467,0.422915,0.414912,1
0.455599,1,0.489362,0.089198,0.6385,0.006217,0.670378,0.39693,1
0.899031,3,0.12766,0.050709,0.27834,0.003278,0.387882,0.669737,0
0.912393,6,0.234043,0.03912,0.217495,0.002551,0.245728,0.659649,0
0.00438,3,0.659574,0.045244,0.47114,0.003467,0.422915,0.414912,0
0.871731,1,0.617021,0.028071,0.530497,0.001795,0.553599,0.697368,1
0.867041,6,0.829787,0.030113,0.324457,0.002042,0.170378,0.629825,0
0.442989,1,0.553191,0.06611,0.57111,0.004437,0.494821,0.54386,1
0.898721,3,0.106383,0.067311,0.326391,0.004395,0.416365,0.636842,0
0.443166,5,0.595745,0.046055,0.509819,0.003139,0.508804,0.454386,0
0.027255,5,0.468085,0.089558,0.391104,0.003467,0.422915,0.414912,0
0.018672,6,0.914894,0.046746,0.283547,0.003467,0.422915,0.414912,0
0.469183,2,0.638298,0.103759,0.605623,0.006714,0.510875,0.635965,1
0.004779,5,0.765957,0.152426,0.679113,0.003467,0.422915,0.414912,1
0.867174,2,0.255319,0.033596,0.2892,0.002302,0.272139,0.315789,0
0.44268,1,0.148936,0.043983,0.139393,0.002846,0.209736,0.765789,0
0.447016,2,0.702128,0.067431,0.622434,0.004805,0.594252,0.255702,1
0.986594,4,0.595745,0.048037,0.496132,0.00338,0.571207,0.266667,0
0.425291,6,0.489362,0.080611,0.319845,0.003467,0.422915,0.414912,1
0.031105,1,0.382979,0.085685,0.529307,0.003467,0.422915,0.414912,1
0.912128,0,0.787234,0.043983,0.332788,0.00291,0.285085,0.671491,1
0.889385,1,0.276596,0.028582,0.20961,0.001793,0.229933,0.833772,0
0.446617,0,0.148936,0.019755,0.147129,0.001236,0.218022,0.59693,0
0.893766,2,0.06383,0.041071,0.44332,0.002717,0.48291,0.536404,1
0.898279,0,1.0,0.077009,0.458941,0.00354,0.434231,0.70614,1
0.018406,0,0.021277,0.047496,0.289646,0.003467,0.422915,0.414912,0
0.894562,6,0.255319,0.038129,0.261976,0.002202,0.33972,0.794737,0
0.902792,5,0.787234,0.088177,0.616483,0.005829,0.577939,0.557895,1
0.876156,4,0.531915,0.104479,0.46742,0.007098,0.561885,0.407018,1
0.03137,0,0.425532,0.067371,0.563225,0.003467,0.422915,0.414912,1
0.894474,4,0.87234,0.070974,0.735495,0.004707,0.627136,0.567982,1
0.013406,5,0.893617,0.085205,0.498959,0.003467,0.422915,0.414912,1
0.43383,2,0.723404,0.047436,0.496132,0.003467,0.422915,0.414912,0
0.009646,3,0.234043,0.071574,0.287712,0.003467,0.422915,0.414912,1
0.477988,1,0.297872,0.029362,0.361202,0.002034,0.348265,0.249123,1
0.465599,4,0.531915,0.056413,0.536001,0.003911,0.505438,0.340789,1
0.451573,0,0.148936,0.032815,0.178518,0.001776,0.285085,0.838158,0
0.907836,0,0.06383,0.043143,0.188188,0.002867,0.340756,0.531579,1
0.030884,3,0.87234,0.074817,0.380542,0.003467,0.422915,0.414912,0
0.004557,0,0.702128,0.110964,0.506248,0.003467,0.422915,0.414912,1
0.456794,0,0.957447,0.030233,0.394972,0.002011,0.312791,0.741228,1
0.473563,3,0.042553,0.027321,0.248289,0.001859,0.368462,0.424123,0
0.45206,4,0.978723,0.083433,0.596846,0.005586,0.508545,0.472807,1
0.9035,0,0.87234,0.03993,0.343053,0.002212,0.27188,0.707895,1
0.890138,4,0.553191,0.077189,0.663791,0.005467,0.748835,0.270614,0
0.026547,3,0.446809,0.098775,0.503422,0.003467,0.422915,0.414912,1
0.474315,6,0.659574,0.02615,0.236983,0.001735,0.165199,0.810526,0
0.456573,2,0.638298,0.034376,0.521422,0.002324,0.585966,0.50307,0
0.9035,0,0.659574,0.029152,0.225231,0.001859,0.142672,0.808772,0
0.027123,2,0.297872,0.05215,0.445849,0.003467,0.422915,0.414912,0
0.031061,0,0.106383,0.050829,0.09878,0.003467,0.422915,0.414912,0
0.911951,3,0.680851,0.050648,0.502975,0.003461,0.550233,0.324123,0
0.425468,3,0.106383,0.074186,0.158286,0.003467,0.422915,0.414912,0
0.031326,6,0.808511,0.074817,0.293068,0.003467,0.422915,0.414912,1
0.438343,0,0.404255,0.093071,0.546712,0.003467,0.422915,0.414912,1
0.881333,0,0.170213,0.017864,0.073788,0.001157,0.207664,0.785965,0
0.004557,0,0.021277,0.043683,0.320738,0.003467,0.422915,0.414912,0
0.876997,6,0.297872,0.03888,0.356442,0.002572,0.280943,0.509649,1
0.447812,6,0.340426,0.042362,0.541059,0.002808,0.33506,0.624561,1
0.880359,6,0.914894,0.03888,0.311663,0.002526,0.269032,0.615351,0
0.017477,0,0.595745,0.087907,0.480214,0.003467,0.422915,0.414912,1
0.437989,6,0.489362,0.046806,0.315829,0.003467,0.422915,0.414912,0
0.424494,2,0.12766,0.055242,0.027522,0.003467,0.422915,0.414912,0
0.88943,2,0.765957,0.040261,0.785629,0.002771,0.746245,0.281579,1
0.903102,5,0.851064,0.043803,0.450461,0.003018,0.465044,0.333772,0
0.031857,4,0.531915,0.056923,0.254091,0.003467,0.422915,0.414912,1
0.438255,5,0.702128,0.060166,0.331003,0.003467,0.422915,0.414912,1
0.875935,3,0.06383,0.030383,0.213329,0.001093,0.361471,0.769298,0
0.474404,1,0.978723,0.037108,0.36507,0.002565,0.230451,0.362281,0
0.027034,0,0.93617,0.119491,0.421749,0.003467,0.422915,0.414912,1
0.880802,2,0.234043,0.025279,0.151741,0.000839,0.204298,0.785526,0
0.451794,5,0.851064,0.041131,0.7108,0.002742,0.542206,0.594298,0
0.429008,0,0.340426,0.102078,0.512645,0.003467,0.422915,0.414912,1
0.8762,2,0.0,0.030113,0.342755,0.000827,0.268773,0.786842,1
0.898412,3,0.702128,0.075027,0.533323,0.004994,0.678923,0.448684,1
0.894562,6,0.744681,0.093401,0.707676,0.006022,0.582082,0.707018,1
0.451838,6,0.510638,0.033626,0.489884,0.002262,0.382962,0.563596,0
0.446927,0,1.0,0.032154,0.420708,0.001963,0.382444,0.765789,0
0.469404,0,0.617021,0.030833,0.306456,0.002015,0.170378,0.757895,1
0.460865,2,0.297872,0.037589,0.471735,0.002586,0.387105,0.277193,0
0.452104,5,0.87234,0.034226,0.567391,0.002337,0.469446,0.356579,0
0.429362,1,0.468085,0.084094,0.563374,0.003467,0.422915,0.414912,1
0.446927,0,0.510638,0.043653,0.380095,0.000976,0.257121,0.590351,1
0.893677,4,0.212766,0.031524,0.210949,0.002019,0.296479,0.755702,1
0.464404,5,0.170213,0.027561,0.1385,0.001843,0.200414,0.598684,0
0.000221,6,0.106383,0.062417,0.111425,0.003467,0.422915,0.414912,1
0.903367,4,0.255319,0.048847,0.318358,0.003236,0.351372,0.577632,0
0.469448,1,0.340426,0.074727,0.507736,0.004975,0.53159,0.437719,1
0.023141,2,0.510638,0.090969,0.478578,0.003467,0.422915,0.414912,0
0.451661,2,0.170213,0.030623,0.271645,0.001843,0.302693,0.838158,0
0.026282,4,0.021277,0.072025,0.324457,0.003467,0.422915,0.414912,1
0.88558,5,0.765957,0.03972,0.662749,0.002796,0.717763,0.17807,0
0.872174,4,0.531915,0.074967,0.634633,0.004811,0.665458,0.642544,1
0.451352,2,0.382979,0.04011,0.705742,0.002603,0.64552,0.617544,0
0.013008,3,0.680851,0.082773,0.508628,0.003467,0.422915,0.414912,1
0.030707,6,0.659574,0.083794,0.288158,0.003467,0.422915,0.414912,1
0.876289,4,0.340426,0.031884,0.563076,0.002108,0.686432,0.474123,1
0.01407,6,0.382979,0.051849,0.45909,0.003467,0.422915,0.414912,0
0.872484,4,0.893617,0.067191,0.549539,0.003758,0.492232,0.681579,0
0.023008,6,0.787234,0.087697,0.38679,0.003467,0.422915,0.414912,1
0.459891,1,0.255319,0.030893,0.338738,0.001826,0.307613,0.746053,1
0.469625,5,0.319149,0.060796,0.488396,0.00413,0.483687,0.436842,1
0.456042,4,0.0,0.063258,0.563523,0.004348,0.466339,0.503509,1
0.452237,1,0.340426,0.040891,0.685957,0.002925,0.580269,0.310526,1
0.908101,6,0.957447,0.043443,0.349301,0.002838,0.28146,0.645175,0
0.473607,4,0.531915,0.042933,0.552812,0.002914,0.691869,0.162281,1
0.008672,2,0.212766,0.042272,0.254686,0.003467,0.422915,0.414912,0
0.88151,4,0.617021,0.027501,0.465635,0.001857,0.552563,0.25,0
0.014114,0,0.595745,0.061217,0.466379,0.003467,0.422915,0.414912,1
0.438299,6,0.148936,0.043023,0.088218,0.003467,0.422915,0.414912,0
0.447591,1,0.595745,0.043533,0.543439,0.003207,0.573537,0.247368,0
0.456396,5,0.276596,0.035187,0.557721,0.00232,0.495598,0.584649,1
0.907305,2,0.021277,0.090008,0.427998,0.005916,0.431642,0.588596,0
0.000841,6,0.893617,0.122703,0.394972,0.003467,0.422915,0.414912,1
0.468829,1,0.829787,0.027921,0.415948,0.001899,0.290005,0.446491,0
0.425822,4,0.680851,0.104179,0.514579,0.003467,0.422915,0.414912,1
0.425645,0,0.510638,0.078119,0.332639,0.003467,0.422915,0.414912,1
0.030928,4,0.829787,0.059865,0.425171,0.003467,0.422915,0.414912,0
0.433742,0,0.319149,0.073916,0.48438,0.003467,0.422915,0.414912,1
0.424627,5,0.234043,0.070854,0.108004,0.003467,0.422915,0.414912,0
0.867218,3,0.574468,0.036057,0.471883,0.002462,0.412998,0.371053,1
0.871422,1,0.744681,0.027381,0.636566,0.001789,0.595287,0.669737,0
0.876377,6,0.808511,0.030533,0.417287,0.001045,0.339461,0.813158,1
0.018406,0,0.212766,0.061997,0.175692,0.003467,0.422915,0.414912,0
0.433476,1,0.553191,0.080251,0.59997,0.003467,0.422915,0.414912,1
0.455644,2,0.978723,0.049207,0.585094,0.003392,0.497411,0.515351,1
0.880359,6,0.340426,0.047346,0.386641,0.003141,0.257121,0.491667,1
0.45206,4,0.085106,0.040891,0.418774,0.002825,0.445365,0.514912,0
0.465555,3,0.680851,0.030323,0.498959,0.002092,0.389177,0.492544,0
0.468962,4,0.404255,0.051459,0.518447,0.003506,0.545831,0.248246,1
0.907438,5,0.319149,0.085235,0.467123,0.005806,0.537286,0.342105,1
0.027388,1,0.425532,0.106341,0.58078,0.003467,0.422915,0.414912,1
0.890049,2,0.0,0.058094,0.572151,0.003851,0.485759,0.575877,1
0.022477,1,0.12766,0.017653,0.164832,0.003467,0.422915,0.414912,0
0.004469,5,0.425532,0.089498,0.538381,0.003467,0.422915,0.414912,1
0.437812,2,0.978723,0.043383,0.403005,0.003467,0.422915,0.414912,0
0.438166,3,0.106383,0.067942,0.21809,0.003467,0.422915,0.414912,0
0.465643,5,0.170213,0.025099,0.168253,0.001695,0.185655,0.606579,0
0.000664,2,0.021277,0.122703,0.4759,0.003467,0.422915,0.414912,1
0.446706,2,0.702128,0.085565,0.627343,0.005706,0.557483,0.483333,1
0.438874,5,0.93617,0.051759,0.300357,0.003467,0.422915,0.414912,1
0.908013,4,0.93617,0.09253,0.47233,0.006101,0.300363,0.555702,1
0.009026,3,0.829787,0.043833,0.733413,0.003467,0.422915,0.414912,0
0.027167,3,0.106383,0.049688,0.133294,0.003467,0.422915,0.414912,0
0.43852,4,0.255319,0.05236,0.304969,0.003467,0.422915,0.414912,0
0.026459,1,0.489362,0.10484,0.520232,0.003467,0.422915,0.414912,1
0.460732,6,0.319149,0.030743,0.353466,0.002115,0.219316,0.393421,0
0.022477,1,0.170213,0.06608,0.128979,0.003467,0.422915,0.414912,1
0.469846,3,0.553191,0.970908,0.77834,0.218789,0.892284,0.122368,1
0.447237,0,0.617021,0.049958,0.525588,0.002686,0.306577,0.765789,1
0.456263,2,1.0,0.036177,0.551324,0.002399,0.490161,0.664912,0
0.004292,1,0.595745,0.046806,0.500595,0.003467,0.422915,0.414912,0
0.424671,6,0.574468,0.087757,0.276852,0.003467,0.422915,0.414912,1
0.018362,6,0.085106,0.054732,0.172121,0.003467,0.422915,0.414912,0
0.867351,6,0.191489,0.021016,0.11931,0.000841,0.175816,0.902632,0
0.465245,3,0.297872,0.03936,0.419667,0.002732,0.397721,0.224123,0
0.446971,1,0.425532,0.043863,0.536447,0.002987,0.296737,0.640351,1
0.009734,5,0.638298,0.084304,0.506694,0.003467,0.422915,0.414912,1
0.45675,6,0.93617,0.030833,0.398691,0.00205,0.326774,0.757018,1
0.880669,6,0.042553,0.03918,0.252306,0.002486,0.295443,0.762719,0
0.468785,0,0.510638,0.029032,0.308242,0.001888,0.16028,0.721053,1
0.000841,6,0.361702,0.117029,0.341267,0.003467,0.422915,0.414912,1
0.000796,5,0.617021,0.102978,0.297382,0.003467,0.422915,0.414912,1
0.026415,0,0.382979,0.108442,0.520678,0.003467,0.422915,0.414912,1
0.439007,1,0.191489,0.046836,0.146236,0.003467,0.422915,0.414912,0
0.90757,1,0.531915,0.089138,0.553109,0.00581,0.539617,0.529825,1
0.447016,2,0.787234,0.114297,0.789943,0.007889,0.656655,0.368421,1
0.46874,6,0.765957,0.028432,0.329217,0.001865,0.234852,0.670175,0
0.460024,4,0.468085,0.030353,0.506992,0.00205,0.530036,0.255263,0
0.438166,3,1.0,0.059475,0.446891,0.003467,0.422915,0.414912,0
0.898943,1,0.744681,0.09232,0.696519,0.006196,0.638529,0.439912,1
0.004513,6,0.425532,0.102198,0.47828,0.003467,0.422915,0.414912,1
0.473165,1,0.06383,0.02648,0.149509,0.001797,0.280684,0.551754,0
0.433609,4,0.93617,0.076948,0.425766,0.003467,0.422915,0.414912,1
0.443122,4,0.914894,0.044524,0.444362,0.003006,0.398498,0.564912,0
0.00907,4,1.0,0.044554,0.578697,0.003467,0.422915,0.414912,0
0.912216,2,0.553191,0.09268,0.527522,0.00635,0.598912,0.289474,1
0.433698,6,0.255319,0.041431,0.124963,0.003467,0.422915,0.414912,0
0.031061,0,0.319149,0.071815,0.443767,0.003467,0.422915,0.414912,1
0.474094,1,0.191489,0.028101,0.200089,0.001774,0.192128,0.790351,0
0.464448,6,0.702128,0.026991,0.267926,0.001807,0.220611,0.63114,0
0.430069,3,0.170213,0.068512,0.183725,0.003467,0.422915,0.414912,0
0.009823,0,0.851064,0.044824,0.639988,0.003467,0.422915,0.414912,1
0.008938,1,0.382979,0.090369,0.729842,0.003467,0.422915,0.414912,1
0.890359,2,0.085106,0.071034,0.444659,0.003425,0.486535,0.574561,1
0.031016,6,0.255319,0.071394,0.103541,0.003467,0.422915,0.414912,1
0.464714,5,0.574468,0.048127,0.45418,0.003344,0.492491,0.259649,1
0.009292,2,0.829787,0.059475,0.812705,0.003467,0.422915,0.414912,0
0.90319,0,0.148936,0.036838,0.082565,0.002447,0.200155,0.561842,0
0.000929,1,0.659574,0.043833,0.459685,0.003467,0.422915,0.414912,0
0.429229,5,0.744681,0.089408,0.439453,0.003467,0.422915,0.414912,1
0.425645,0,0.042553,0.055242,0.118417,0.003467,0.422915,0.414912,0
0.885359,0,0.829787,0.234448,0.457007,0.01532,0.401088,0.766228,1
0.876554,3,0.489362,0.034796,0.595954,0.002229,0.547644,0.678947,1
0.460643,4,0.191489,0.027231,0.186254,0.001799,0.253237,0.753509,0
0.469758,1,0.106383,0.021046,0.124665,0.001423,0.185137,0.56886,0
0.907084,4,0.468085,0.05296,0.508182,0.0037,0.705334,0.213158,0
0.911597,2,0.659574,0.059385,0.508331,0.00397,0.589073,0.402632,1
0.469802,2,0.531915,0.435211,0.692651,0.837239,0.752978,0.312281,1
0.473342,5,0.617021,0.044644,0.556828,0.003116,0.505955,0.026316,0
0.031193,3,0.489362,0.10559,0.49762,0.003467,0.422915,0.414912,1
0.465112,0,0.021277,0.043773,0.263463,0.003,0.307095,0.280702,0
0.026592,4,0.0,0.098775,0.400179,0.003467,0.422915,0.414912,1
0.89027,0,0.744681,0.280143,0.692651,0.019032,0.533661,0.528947,1
0.013893,2,0.340426,0.085325,0.713627,0.003467,0.422915,0.414912,1
0.005442,6,0.0,0.063378,0.393782,0.003467,0.422915,0.414912,0
0.442635,0,0.148936,0.037258,0.113954,0.002428,0.186173,0.754386,0
0.447679,3,0.702128,0.080791,0.730735,0.005546,0.703263,0.375877,1
0.907349,3,0.808511,0.059745,0.516364,0.003992,0.568617,0.423684,0
0.425468,3,0.340426,0.127117,0.569771,0.003467,0.422915,0.414912,1
0.89412,3,0.06383,0.099225,0.51205,0.006612,0.554635,0.635526,1
0.908057,5,0.638298,0.045034,0.475156,0.003064,0.487571,0.364912,0
0.469183,2,0.574468,0.098325,0.596549,0.006383,0.509322,0.580702,1
0.473563,3,0.255319,0.036328,0.387385,0.002472,0.464526,0.407895,1
0.031105,1,0.893617,0.074817,0.378161,0.003467,0.422915,0.414912,0
0.451307,1,0.06383,0.03936,0.296489,0.002576,0.41274,0.663158,1
0.871953,6,0.702128,0.09226,0.515323,0.001697,0.380891,0.835965,1
0.000752,4,0.957447,0.124204,0.467272,0.003467,0.422915,0.414912,1
0.876466,1,0.12766,0.024739,0.133591,0.000841,0.221388,0.841667,0
0.443078,3,0.510638,0.049207,0.523356,0.003288,0.539617,0.452193,0
0.880404,0,0.06383,0.035667,0.190717,0.002343,0.284309,0.567105,0
0.429539,5,0.702128,0.081092,0.409253,0.003467,0.422915,0.414912,1
0.468962,4,0.787234,0.029182,0.447337,0.001992,0.387623,0.357895,0
0.86828,6,0.297872,0.029783,0.357632,0.001703,0.276282,0.792982,0
0.0,1,0.148936,0.041161,0.152782,0.003467,0.422915,0.414912,0
0.889164,3,0.93617,0.028432,0.517108,0.00194,0.433713,0.511842,0
0.434538,4,0.893617,0.047526,0.286224,0.003467,0.422915,0.414912,1
0.911862,1,0.06383,0.044824,0.166766,0.002941,0.33972,0.656579,1
0.434007,6,0.361702,0.067581,0.327432,0.003467,0.422915,0.414912,1
0.880802,2,0.425532,0.029422,0.45299,0.001934,0.46349,0.612719,1
0.027167,3,0.574468,0.074817,0.444511,0.003467,0.422915,0.414912,1
0.477988,1,0.255319,0.032154,0.276703,0.002196,0.235111,0.405263,1
0.433963,5,0.212766,0.047286,0.153526,0.003467,0.422915,0.414912,0
0.88912,2,0.680851,0.03882,0.588218,0.0027,0.566805,0.387719,1
0.884695,6,0.297872,0.029362,0.267926,0.000839,0.278612,0.647368,0
0.894695,2,0.297872,0.073766,0.590449,0.004921,0.60202,0.419737,0
0.030795,1,0.659574,0.111174,0.538976,0.003467,0.422915,0.414912,1
0.439007,1,0.978723,0.053291,0.43737,0.003467,0.422915,0.414912,0
0.902703,3,0.042553,0.084334,0.438262,0.005615,0.531849,0.532456,1
0.446794,4,0.702128,0.047766,0.560399,0.003268,0.504661,0.517105,1
0.455821,6,0.021277,0.049027,0.564267,0.003452,0.443553,0.30614,0
0.915667,3,0.978723,0.086886,0.457304,0.005985,0.455205,0.342982,1
0.871776,2,0.297872,0.02618,0.47471,0.001685,0.534956,0.700439,0
0.89881,5,0.617021,0.055362,0.461619,0.003635,0.562921,0.44693,0
0.425822,4,0.638298,0.099075,0.530646,0.003467,0.422915,0.414912,1
0.425379,1,0.510638,0.119731,0.650997,0.003467,0.422915,0.414912,1
0.894031,1,0.106383,0.051789,0.276555,0.003319,0.412222,0.775439,0
0.434317,6,0.340426,0.06542,0.30482,0.003467,0.422915,0.414912,1
0.889828,4,0.319149,0.191756,0.763463,0.013218,0.739772,0.382456,1
0.877129,2,0.297872,0.034586,0.466082,0.002333,0.407561,0.345175,0
0.018097,0,0.595745,0.093821,0.49152,0.003467,0.422915,0.414912,1
0.889961,0,0.191489,0.028522,0.140881,0.001849,0.227861,0.717982,0
0.903146,6,0.085106,0.053531,0.284885,0.003567,0.357587,0.569737,0
0.429539,5,0.978723,0.056593,0.304522,0.003467,0.422915,0.414912,0
0.456042,4,0.106383,0.03999,0.362541,0.002705,0.389436,0.664912,0
0.474094,1,0.276596,0.029903,0.457304,0.002009,0.41507,0.580263,0
0.017433,6,0.617021,0.077039,0.324308,0.003467,0.422915,0.414912,0
0.87151,3,0.021277,0.027081,0.324457,0.001653,0.324961,0.820614,0
0.027477,3,0.382979,0.076888,0.558167,0.003467,0.422915,0.414912,1
0.898102,3,0.021277,0.086135,0.540167,0.004576,0.436302,0.644298,1
0.425822,4,0.446809,0.089168,0.557721,0.003467,0.422915,0.414912,1
0.915623,2,0.276596,0.091119,0.468015,0.006307,0.60927,0.354825,1
0.911818,0,0.808511,0.044224,0.389616,0.002883,0.296996,0.716228,1
0.437857,3,0.638298,0.060676,0.481553,0.003467,0.422915,0.414912,1
0.902615,1,0.531915,0.089678,0.486165,0.00608,0.559296,0.26886,1
0.443078,3,1.0,0.050829,0.485421,0.003465,0.457276,0.491228,0
0.90757,1,0.744681,0.090999,0.595359,0.005955,0.643967,0.400439,1
0.871554,4,0.978723,0.037619,0.463106,0.002489,0.407302,0.676754,0
0.437768,1,0.957447,0.043383,0.383071,0.003467,0.422915,0.414912,0
0.013053,4,0.106383,0.059625,0.313746,0.003467,0.422915,0.414912,1
0.893854,4,0.765957,0.150805,0.914906,0.010235,0.838685,0.480263,1
0.434361,0,0.106383,0.043383,0.11202,0.003467,0.422915,0.414912,0
0.026769,1,0.382979,0.059865,0.508777,0.003467,0.422915,0.414912,0
0.876023,5,0.042553,0.027561,0.239215,0.001566,0.367426,0.725439,0
0.906774,4,0.574468,0.150624,0.623921,0.010237,0.533402,0.392105,1
0.026724,0,0.106383,0.047526,0.115442,0.003467,0.422915,0.414912,0
0.889253,5,0.255319,0.031644,0.372359,0.002094,0.370274,0.630702,1
0.455909,1,0.276596,0.041882,0.577507,0.002912,0.411445,0.523684,1
0.474006,6,0.446809,0.031914,0.414758,0.002156,0.344381,0.700877,1
0.438388,1,0.0,0.06539,0.430378,0.003467,0.422915,0.414912,0
0.465599,4,0.12766,0.023718,0.137162,0.001604,0.165199,0.583333,0
0.867572,4,0.382979,0.034586,0.653079,0.002198,0.524081,0.724123,1
0.459891,1,0.297872,0.033596,0.452098,0.002262,0.438374,0.608772,1
0.880581,5,0.340426,0.072415,0.487652,0.004944,0.584412,0.323246,0
0.438609,6,0.106383,0.051099,0.121839,0.003467,0.422915,0.414912,0
0.460201,1,0.446809,0.046625,0.542249,0.003174,0.57535,0.242982,1
0.894651,1,0.87234,0.076738,0.731181,0.004996,0.583118,0.614912,1
0.469448,1,0.957447,0.029002,0.420708,0.001911,0.242361,0.716228,0
0.473253,3,0.957447,0.025369,0.432461,0.00167,0.235629,0.693421,0
0.894341,1,0.553191,0.111295,0.721809,0.008097,0.756344,0.395614,1
0.005177,0,0.212766,0.075958,0.178072,0.003467,0.422915,0.414912,1
0.030839,2,0.425532,0.123664,0.567837,0.003467,0.422915,0.414912,1
0.898987,2,0.595745,0.083854,0.518149,0.005552,0.653806,0.435526,0
0.995575,0,0.87234,0.085175,0.48557,0.005484,0.414552,0.675,1
0.473961,5,0.93617,0.029182,0.416394,0.001901,0.249871,0.826316,0
0.009026,3,0.851064,0.090159,0.728206,0.003467,0.422915,0.414912,1
0.447281,1,0.914894,0.040891,0.599226,0.002703,0.455722,0.66886,0
0.876289,4,0.680851,0.044013,0.656501,0.006383,0.974883,0.100439,1
4.4e-05,2,0.276596,0.051489,0.393038,0.003467,0.422915,0.414912,1
0.876952,5,0.893617,0.028762,0.376376,0.001934,0.306059,0.522807,0
0.013628,3,0.361702,0.041431,0.548646,0.003467,0.422915,0.414912,0
0.46874,6,0.085106,0.02621,0.142368,0.00177,0.251165,0.597807,0
0.875802,0,0.93617,0.031194,0.317465,0.001477,0.230192,0.885526,1
0.876421,0,0.531915,0.028462,0.323564,0.000665,0.223459,0.841667,1
0.89912,5,0.829787,0.084724,0.591491,0.005733,0.55101,0.383333,1
0.447148,5,0.744681,0.07875,0.760637,0.005758,0.693941,0.329386,1
0.907792,6,0.319149,0.043863,0.321928,0.002881,0.28146,0.699561,0
0.898589,0,0.87234,0.096463,0.613062,0.006151,0.445365,0.493421,1
0.872351,1,0.893617,0.028792,0.383963,0.000841,0.329622,0.69693,1
1.0,1,0.914894,0.051369,0.434543,0.003471,0.452615,0.462281,0
0.00969,4,0.617021,0.092861,0.577655,0.003467,0.422915,0.414912,1
0.893722,1,0.148936,0.021346,0.181642,0.001386,0.273433,0.683333,0
0.898279,0,0.489362,0.076258,0.497025,0.002921,0.32755,0.879825,1
0.013318,3,0.106383,0.060496,0.332193,0.003467,0.422915,0.414912,0
0.005309,3,0.765957,0.086075,0.772687,0.003467,0.422915,0.414912,1
0.013097,5,0.87234,0.041582,0.435882,0.003467,0.422915,0.414912,0
0.434361,0,0.234043,0.045605,0.363582,0.003467,0.422915,0.414912,0
0.911774,6,0.404255,0.051339,0.451056,0.003355,0.394096,0.667982,0
0.446617,0,0.276596,0.017894,0.203808,0.001016,0.146815,0.760088,0
0.433476,1,0.021277,0.049838,0.297084,0.003467,0.422915,0.414912,0
0.898898,0,0.680851,0.05239,0.298274,0.003324,0.313568,0.747368,0
0.460953,4,0.893617,0.034466,0.529307,0.002368,0.399793,0.507895,0
0.460422,6,0.723404,0.02627,0.313448,0.001776,0.243656,0.622368,0
0.469316,5,0.021277,0.030323,0.300208,0.002015,0.31305,0.532895,0
0.468873,2,0.978723,0.034136,0.425022,0.002275,0.264371,0.542105,1
0.482412,2,0.276596,0.049177,0.408956,0.003384,0.334801,0.385526,1
0.889784,3,0.829787,0.088267,0.836358,0.006078,0.669601,0.36886,1
0.907836,0,0.12766,0.029873,0.109491,0.001948,0.205852,0.690789,0
0.434627,6,0.191489,0.051879,0.036894,0.003467,0.422915,0.414912,1
0.026282,4,0.531915,0.081092,0.460131,0.003467,0.422915,0.414912,1
0.907526,0,0.382979,0.042002,0.360458,0.002752,0.197566,0.701754,0
0.889341,0,0.595745,0.031524,0.359417,0.001899,0.330658,0.686842,1
0.442458,3,0.914894,0.055422,0.35064,0.003889,0.403418,0.500526,0
0.889739,2,0.297872,0.035817,0.614847,0.002495,0.585707,0.304386,0
0.459891,1,0.744681,0.313979,0.676287,0.021338,0.565769,0.22807,1
0.867528,3,0.978723,0.036117,0.425915,0.001373,0.388918,0.773246,1
0.031016,6,0.978723,0.059265,0.261529,0.003467,0.422915,0.414912,0
0.43383,2,0.574468,0.047436,0.558762,0.003467,0.422915,0.414912,0
0.876775,1,0.297872,0.030203,0.543737,0.001986,0.547126,0.522368,0
0.434229,4,0.553191,0.125465,0.505951,0.003467,0.422915,0.414912,1
0.872395,2,0.06383,0.033325,0.191312,0.00085,0.334801,0.646491,1
0.004248,0,0.531915,0.089798,0.5,0.003467,0.422915,0.414912,1
0.44268,1,0.914894,0.090128,0.476198,0.006082,0.391248,0.512281,1
0.872085,2,0.595745,0.027831,0.502975,0.00178,0.532108,0.662719,1
0.031105,1,0.468085,0.074817,0.531092,0.003467,0.422915,0.414912,0
0.889607,6,0.489362,0.101357,0.47471,0.00625,0.393578,0.637281,1
0.455644,2,0.191489,0.034226,0.252306,0.002281,0.332211,0.794737,0
0.434007,6,0.93617,0.061307,0.319101,0.003467,0.422915,0.414912,1
0.456263,2,0.914894,0.034136,0.544332,0.002283,0.46841,0.705263,0
0.912216,2,0.680851,0.085205,0.506397,0.005835,0.585189,0.295614,1
0.885226,4,0.978723,0.047046,0.50357,0.003216,0.424392,0.449561,1
0.425468,3,0.914894,0.09265,0.418923,0.003467,0.422915,0.414912,0
0.455644,2,0.617021,0.037529,0.534067,0.002586,0.55101,0.490351,0
0.424981,6,0.595745,0.058394,0.228206,0.003467,0.422915,0.414912,0
0.022167,1,0.787234,0.057644,0.519191,0.003467,0.422915,0.414912,0
0.031769,2,0.829787,0.058394,0.217197,0.003467,0.422915,0.414912,0
0.474094,1,0.531915,0.083463,0.707379,0.005631,0.440186,0.621053,1
0.004823,6,0.893617,0.062598,0.49762,0.003467,0.422915,0.414912,0
0.009247,1,0.851064,0.151765,0.798126,0.003467,0.422915,0.414912,1
0.031415,1,0.0,0.095893,0.378608,0.003467,0.422915,0.414912,1
0.008672,2,0.319149,0.075417,0.607111,0.003467,0.422915,0.414912,1
0.894828,5,0.553191,0.081362,0.610979,0.005467,0.701191,0.424123,0
0.868103,2,0.489362,0.029963,0.590003,0.001955,0.539099,0.492105,0
0.008761,4,0.234043,0.07839,0.293514,0.003467,0.422915,0.414912,0
0.452369,4,0.468085,0.060856,0.625707,0.004287,0.599948,0.182895,1
0.893589,5,0.06383,0.115378,0.513984,0.007511,0.496634,0.781579,1
0.031636,6,0.93617,0.071694,0.311366,0.003467,0.422915,0.414912,1
0.031326,6,0.085106,0.040351,0.084201,0.003467,0.422915,0.414912,0
0.902969,2,0.680851,0.102228,0.494198,0.007025,0.684619,0.215789,1
0.008628,1,0.021277,0.089798,0.517852,0.003467,0.422915,0.414912,1
0.434583,5,0.276596,0.047526,0.215561,0.003467,0.422915,0.414912,1
0.880757,1,0.659574,0.029422,0.276257,0.000976,0.211289,0.860088,1
0.871599,5,0.978723,0.030713,0.440494,0.001672,0.398757,0.810526,1
0.469316,5,0.978723,0.043023,0.401369,0.002856,0.338426,0.485526,0
0.903411,5,0.93617,0.056653,0.470991,0.003731,0.367167,0.639474,0
0.022344,5,0.212766,0.061277,0.123178,0.003467,0.422915,0.414912,0
0.880757,1,0.808511,0.031434,0.388872,0.001894,0.372346,0.805263,1
0.872528,5,0.340426,0.033806,0.677328,0.002152,0.574573,0.738158,0
0.876333,5,0.340426,0.034826,0.579738,0.002289,0.646556,0.517105,1
0.026547,3,0.851064,0.098775,0.426064,0.003467,0.422915,0.414912,1
0.995443,6,0.510638,0.034286,0.421006,0.002148,0.335836,0.823246,0
0.473342,5,0.404255,0.045545,0.593127,0.003108,0.530554,0.064035,1
0.881023,0,0.085106,0.02675,0.145344,0.000841,0.290005,0.686842,0
0.911508,0,0.382979,0.048067,0.393782,0.002835,0.266701,0.842982,1
0.465156,1,0.021277,0.02675,0.256323,0.001832,0.295702,0.433333,0
0.438565,5,0.765957,0.055632,0.473222,0.003467,0.422915,0.414912,1
0.911597,2,0.510638,0.064939,0.517108,0.004329,0.583635,0.445175,1
0.004867,0,0.297872,0.074817,0.510562,0.003467,0.422915,0.414912,1
0.898367,2,1.0,0.071094,0.558911,0.004612,0.506214,0.660088,1
0.461042,6,0.723404,0.027861,0.282803,0.001892,0.219316,0.489474,0
0.87182,3,0.489362,0.029542,0.591193,0.001894,0.743656,0.37807,0
0.443078,3,0.234043,0.040711,0.261827,0.002663,0.249871,0.713158,0
0.018362,6,0.553191,0.068422,0.262719,0.003467,0.422915,0.414912,1
0.429937,0,0.319149,0.094152,0.555043,0.003467,0.422915,0.414912,1
0.867528,3,0.765957,0.028582,0.465486,0.001639,0.529777,0.533333,0
0.013849,1,0.319149,0.083884,0.709908,0.003467,0.422915,0.414912,0
0.438697,1,0.87234,0.051759,0.422642,0.003467,0.422915,0.414912,0
0.897925,6,0.319149,0.07953,0.545671,0.004398,0.355256,0.832456,1
0.429096,2,0.957447,0.085655,0.419816,0.003467,0.422915,0.414912,1
0.018716,0,0.829787,0.048487,0.504314,0.003467,0.422915,0.414912,0
0.425822,4,0.957447,0.077189,0.437667,0.003467,0.422915,0.414912,0
0.429583,6,0.170213,0.067521,0.086284,0.003467,0.422915,0.414912,0
0.031238,4,0.276596,0.103309,0.402708,0.003467,0.422915,0.414912,1
0.447635,2,0.659574,0.046295,0.544332,0.003197,0.617297,0.29386,0
0.022344,5,0.425532,0.072775,0.403303,0.003467,0.422915,0.414912,1
0.031945,6,0.723404,0.113306,0.22404,0.003467,0.422915,0.414912,1
0.02261,4,0.851064,0.057043,0.398096,0.003467,0.422915,0.414912,0
0.004159,5,0.425532,0.089798,0.493008,0.003467,0.422915,0.414912,1
0.004646,2,0.106383,0.077069,0.330408,0.003467,0.422915,0.414912,0
0.031238,4,0.106383,0.074787,0.148319,0.003467,0.422915,0.414912,0
0.013053,4,0.702128,0.041732,0.486909,0.003467,0.422915,0.414912,0
0.438078,1,0.468085,0.060586,0.500298,0.003467,0.422915,0.414912,0
0.87682,2,0.531915,0.030113,0.623029,0.001986,0.542724,0.512719,0
0.881377,1,0.510638,0.029422,0.488991,0.00205,0.543242,0.333333,0
0.03137,0,0.446809,0.067371,0.567837,0.003467,0.422915,0.414912,1
0.898456,4,0.297872,0.083794,0.557721,0.005619,0.550492,0.403947,1
0.881156,3,0.404255,0.035397,0.54701,0.002393,0.560073,0.501754,1
0.424981,6,0.06383,0.040801,0.088664,0.003467,0.422915,0.414912,0
0.451794,5,0.297872,0.054311,0.647426,0.003693,0.542206,0.541228,1
0.434273,5,0.191489,0.042032,0.129575,0.003467,0.422915,0.414912,0
0.014291,4,0.489362,0.064669,0.627938,0.003467,0.422915,0.414912,1
0.885448,2,0.702128,0.034586,0.57111,0.002339,0.56318,0.469737,0
0.867572,4,0.765957,0.028462,0.514579,0.001726,0.39332,0.847368,0
0.898544,6,0.893617,0.090068,0.515025,0.005625,0.40782,0.659649,1
0.470023,0,0.87234,0.030113,0.305861,0.002038,0.249094,0.560088,1
0.001062,4,0.361702,0.044043,0.612169,0.003467,0.422915,0.414912,0
0.425158,3,0.87234,0.058394,0.334127,0.003467,0.422915,0.414912,0
0.460024,4,0.553191,0.030353,0.482743,0.00205,0.520715,0.205702,0
0.42914,3,0.787234,0.083974,0.492264,0.003467,0.422915,0.414912,1
0.982169,3,0.468085,0.050378,0.566201,0.003421,0.616002,0.357895,0
0.018627,5,0.06383,0.047856,0.319845,0.003467,0.422915,0.414912,0
0.469271,4,0.893617,0.045635,0.431122,0.003041,0.313309,0.565789,0
0.867439,1,0.255319,0.029002,0.339334,0.001909,0.346712,0.746053,0
0.447547,0,0.425532,0.044914,0.557126,0.001861,0.269549,0.443421,1
0.893854,4,0.893617,0.080461,0.747843,0.005247,0.611082,0.584649,1
0.027167,3,0.276596,0.080161,0.426659,0.003467,0.422915,0.414912,1
0.446706,2,0.531915,0.069022,0.614996,0.004749,0.575608,0.442105,1
0.46936,6,0.021277,0.028522,0.275662,0.001901,0.287416,0.564035,0
0.026769,1,0.212766,0.082202,0.281315,0.003467,0.422915,0.414912,1
0.894739,3,0.340426,0.143329,0.765695,0.00957,0.753755,0.342982,1
0.46905,6,0.914894,0.034887,0.297977,0.002293,0.208959,0.683333,0
0.991018,5,0.659574,0.027291,0.475007,0.001859,0.479803,0.570175,0
0.026503,2,0.340426,0.098265,0.511157,0.003467,0.422915,0.414912,1
0.898058,2,0.191489,0.029753,0.253645,0.001928,0.294666,0.697368,0
0.442768,3,0.957447,0.048787,0.490033,0.003301,0.349819,0.566667,0
0.031282,5,0.574468,0.056833,0.286819,0.003467,0.422915,0.414912,0
0.429848,5,0.340426,0.072685,0.431122,0.003467,0.422915,0.414912,1
0.434096,1,0.170213,0.045755,0.175245,0.003467,0.422915,0.414912,0
0.47405,0,0.744681,0.044674,0.47828,0.002985,0.38581,0.626754,1
0.876997,6,0.255319,0.036418,0.234752,0.002422,0.244433,0.478947,1
0.000442,4,0.255319,0.134622,0.339334,0.003467,0.422915,0.414912,1
0.464404,5,0.361702,0.063798,0.458494,0.004356,0.50492,0.330702,1
0.898633,1,0.702128,0.095923,0.654567,0.006338,0.602279,0.370614,0
0.451661,2,0.787234,0.049598,0.838887,0.00328,0.726308,0.471053,1
0.867484,2,0.829787,0.028582,0.48795,0.001874,0.522786,0.675439,0
0.473386,6,0.87234,0.028372,0.373401,0.001928,0.255567,0.597807,0
0.872174,4,0.021277,0.028942,0.282208,0.000841,0.324702,0.802193,1
0.438476,3,0.680851,0.06584,0.506843,0.003467,0.422915,0.414912,1
0.43883,4,0.148936,0.048337,0.117673,0.003467,0.422915,0.414912,0
0.907969,3,0.893617,0.041732,0.436626,0.002794,0.425168,0.436404,0
0.465201,2,0.914894,0.033836,0.392294,0.002368,0.389436,0.182018,0
0.903544,1,0.0,0.075838,0.297828,0.003789,0.267996,0.681579,1
0.022433,0,0.191489,0.059926,0.114996,0.003467,0.422915,0.414912,0
0.018627,5,0.680851,0.07902,0.376376,0.003467,0.422915,0.414912,1
0.912172,1,0.382979,0.130569,0.550729,0.009011,0.548938,0.241228,1
0.001018,3,0.425532,0.044134,0.578251,0.003467,0.422915,0.414912,0
0.000973,2,0.659574,0.043833,0.44704,0.003467,0.422915,0.414912,0
0.434096,1,0.808511,0.071965,0.489884,0.003467,0.422915,0.414912,1
0.013495,0,0.638298,0.041431,0.463701,0.003467,0.422915,0.414912,0
0.898589,0,0.765957,0.130689,0.732966,0.008369,0.506732,0.496491,1
0.451838,6,0.212766,0.033325,0.233264,0.002229,0.236406,0.727632,0
0.455732,4,0.765957,0.036808,0.731925,0.002489,0.713361,0.438596,0
0.008938,1,0.468085,0.044134,0.632699,0.003467,0.422915,0.414912,0
0.022433,0,1.0,0.057464,0.412972,0.003467,0.422915,0.414912,0
0.903544,1,0.234043,0.02663,0.209908,0.001718,0.130502,0.83114,0
0.433698,6,0.957447,0.046535,0.278191,0.003467,0.422915,0.414912,0
0.880536,3,0.085106,0.035097,0.250223,0.002279,0.314604,0.598684,0
0.460201,1,0.361702,0.046175,0.522315,0.003141,0.593993,0.225,1
0.880713,0,0.765957,0.035427,0.386195,0.002206,0.364837,0.744737,1
0.460245,2,0.340426,0.071064,0.53258,0.004842,0.592439,0.209211,1
0.460997,5,0.021277,0.034136,0.495835,0.002322,0.365096,0.583333,0
0.451529,6,0.510638,0.038699,0.509967,0.001674,0.401605,0.726316,0
0.455732,4,0.191489,0.028552,0.240702,0.00189,0.249353,0.880702,0
0.456351,4,0.319149,0.037108,0.612318,0.002457,0.617297,0.575877,1
0.438122,2,0.914894,0.062748,0.353764,0.003467,0.422915,0.414912,0
0.44706,3,0.297872,0.043653,0.60607,0.002906,0.500777,0.414912,0
0.438697,1,0.382979,0.073646,0.506248,0.003467,0.422915,0.414912,1
0.433875,3,0.659574,0.047136,0.496281,0.003467,0.422915,0.414912,0
0.885359,0,1.0,0.03981,0.353466,0.002009,0.344899,0.725877,0
0.026547,3,0.340426,0.098775,0.529753,0.003467,0.422915,0.414912,1
0.889562,5,0.723404,0.032785,0.635525,0.002308,0.629726,0.225,0
0.473607,4,0.489362,0.029933,0.542547,0.002027,0.63594,0.220175,1
0.875846,1,0.319149,0.033085,0.509223,0.001435,0.511134,0.659649,1
0.47405,0,0.106383,0.024589,0.094763,0.001631,0.19912,0.767982,0
0.031105,1,0.319149,0.06584,0.466528,0.003467,0.422915,0.414912,0
0.907836,0,0.829787,0.046535,0.395567,0.00312,0.343086,0.55307,1
0.473253,3,0.425532,0.030323,0.595359,0.002636,0.454169,0.333333,0
0.9035,0,0.787234,0.058725,0.412972,0.003851,0.343086,0.660965,1
0.460157,0,0.510638,0.031914,0.401369,0.002096,0.264371,0.625439,1
0.872218,5,0.851064,0.028552,0.427551,0.000841,0.367685,0.775877,0
0.876244,3,0.382979,0.030323,0.564118,0.001942,0.58726,0.591667,1
0.907482,6,0.914894,0.043053,0.307944,0.00285,0.283014,0.57193,0
0.442326,0,0.531915,0.059745,0.330408,0.004146,0.234593,0.500526,1
0.433698,6,0.787234,0.068212,0.343201,0.003467,0.422915,0.414912,1
0.455467,5,0.978723,0.083433,0.652782,0.005658,0.51709,0.470614,1
0.889208,4,0.468085,0.028972,0.561886,0.002015,0.561108,0.366667,0
0.880359,6,0.680851,0.037739,0.355549,0.00248,0.252201,0.563596,0
0.030972,5,0.021277,0.057254,0.271199,0.003467,0.422915,0.414912,0
0.433609,4,0.978723,0.068932,0.414311,0.003467,0.422915,0.414912,0
0.867484,2,0.212766,0.034226,0.26986,0.002229,0.336095,0.817544,1
0.451794,5,0.234043,0.033566,0.36626,0.002196,0.337649,0.80307,0
0.443255,0,0.021277,0.046055,0.31687,0.003132,0.348524,0.464035,0
0.455599,1,0.638298,0.037318,0.570217,0.002563,0.566287,0.465789,0
0.446839,5,0.93617,0.040501,0.494793,0.002655,0.379596,0.682895,1
0.026901,4,0.787234,0.108502,0.453734,0.003467,0.422915,0.414912,1
0.88151,4,0.085106,0.028972,0.28072,0.00177,0.375194,0.612281,1
0.898412,3,0.255319,0.056323,0.420411,0.003675,0.417659,0.648246,0
0.45998,3,0.106383,0.032545,0.282654,0.002221,0.319782,0.493421,0
0.455953,2,0.574468,0.042032,0.528414,0.002889,0.6116,0.309649,0
0.442812,4,0.489362,0.051279,0.498364,0.003558,0.513723,0.331579,0
0.451263,0,0.829787,0.043833,0.623178,0.002825,0.435267,0.729386,1
0.425247,5,0.531915,0.074727,0.325647,0.003467,0.422915,0.414912,1
0.45175,4,0.531915,0.033626,0.586135,0.002233,0.625842,0.439474,0
0.474183,3,0.702128,0.029272,0.417138,0.001986,0.278353,0.695175,0
0.468829,1,0.021277,0.028161,0.205296,0.001867,0.212584,0.442544,0
0.031769,2,0.042553,0.072775,0.166022,0.003467,0.422915,0.414912,1
0.867174,2,0.553191,0.054341,0.479173,0.003702,0.402123,0.302632,1
0.429539,5,0.425532,0.067641,0.444064,0.003467,0.422915,0.414912,0
0.991018,5,0.340426,0.055482,0.671526,0.00376,0.576385,0.476754,0
0.03168,0,0.085106,0.051909,0.088218,0.003467,0.422915,0.414912,0
0.451661,2,0.234043,0.033265,0.340821,0.001928,0.322113,0.838158,0
0.428963,6,0.06383,0.055242,0.126599,0.003467,0.422915,0.414912,0
0.474404,1,0.042553,0.02591,0.113508,0.001753,0.217763,0.597807,1
0.425645,0,0.297872,0.076108,0.203808,0.003467,0.422915,0.414912,1
0.465422,0,0.574468,0.02681,0.306754,0.001784,0.263853,0.745175,1
0.898102,3,0.340426,0.080221,0.65903,0.005359,0.690057,0.482018,1
0.889341,0,0.957447,0.029572,0.447635,0.001874,0.32522,0.704386,0
0.468962,4,1.0,0.029963,0.413865,0.002019,0.34231,0.501754,0
0.429892,6,0.723404,0.080401,0.422196,0.003467,0.422915,0.414912,1
0.902526,6,0.468085,0.050228,0.47114,0.003353,0.373641,0.539035,0
0.907836,0,0.191489,0.019485,0.088664,0.001278,0.137494,0.691228,0
0.438343,0,0.234043,0.061187,0.214817,0.003467,0.422915,0.414912,1
0.469094,0,0.87234,0.033415,0.286522,0.002187,0.250647,0.666667,1
0.867793,2,0.468085,0.033836,0.684023,0.002177,0.540394,0.631579,1
0.000929,1,0.404255,0.044254,0.624219,0.003467,0.422915,0.414912,0
0.911685,4,0.595745,0.07899,0.500446,0.005376,0.583376,0.339035,0
0.437812,2,0.489362,0.059535,0.489735,0.003467,0.422915,0.414912,1
0.469979,6,0.021277,0.02642,0.284588,0.001776,0.276023,0.62807,0
0.442503,4,0.744681,0.135583,0.63493,0.009462,0.66753,0.500526,1
0.469183,2,0.808511,0.050829,0.528563,0.003317,0.409114,0.567982,0
0.868015,0,0.042553,0.028642,0.160815,0.000839,0.294666,0.704825,0
0.014336,5,0.085106,0.040591,0.351384,0.003467,0.422915,0.414912,0
0.017698,5,0.191489,0.060406,0.150104,0.003467,0.422915,0.414912,0
0.027344,0,0.170213,0.049688,0.122434,0.003467,0.422915,0.414912,0
0.464537,1,0.382979,0.036628,0.346177,0.002499,0.508027,0.387281,1
0.027344,0,0.617021,0.080491,0.49643,0.003467,0.422915,0.414912,1
0.031813,3,0.212766,0.068212,0.016215,0.003467,0.422915,0.414912,0
0.027432,2,0.106383,0.047706,0.146534,0.003467,0.422915,0.414912,0
0.912349,5,0.851064,0.043263,0.382178,0.002925,0.399534,0.39386,0
0.889297,6,0.042553,0.031134,0.439155,0.00194,0.409632,0.550877,1
0.000619,1,0.489362,0.095773,0.521571,0.003467,0.422915,0.414912,0
0.022654,5,0.702128,0.081152,0.305266,0.003467,0.422915,0.414912,1
0.022875,3,0.404255,0.091269,0.510265,0.003467,0.422915,0.414912,1
0.443299,1,0.851064,0.044944,0.548944,0.003049,0.496634,0.494737,0
0.017875,2,0.297872,0.092951,0.475007,0.003467,0.422915,0.414912,1
0.911685,4,0.510638,0.119731,0.535109,0.008139,0.605127,0.337281,1
0.022123,0,0.0,0.045965,0.240702,0.003467,0.422915,0.414912,0
0.022079,6,0.851064,0.074517,0.319399,0.003467,0.422915,0.414912,1
0.459935,2,0.042553,0.043563,0.44094,0.002952,0.430865,0.455702,0
0.867793,2,0.659574,0.031494,0.659774,0.001994,0.59943,0.589474,1
0.875979,4,0.021277,0.031884,0.316275,0.000995,0.318229,0.769298,0
0.46113,1,0.319149,0.031464,0.436031,0.002162,0.448472,0.395614,0
0.885094,1,0.12766,0.031224,0.184766,0.002002,0.245728,0.661404,0
0.017654,4,0.425532,0.084334,0.55058,0.003467,0.422915,0.414912,1
0.884828,2,0.489362,0.038069,0.585094,0.002607,0.587778,0.437281,1
0.902703,3,0.808511,0.096343,0.587474,0.006502,0.633092,0.474123,1
0.459935,2,0.425532,0.139456,0.631508,0.009454,0.547644,0.379825,1
0.005133,6,0.574468,0.071815,0.364624,0.003467,0.422915,0.414912,1
0.446662,1,0.425532,0.109433,0.683428,0.00747,0.64552,0.302632,1
0.434583,5,0.297872,0.051879,0.271348,0.003467,0.422915,0.414912,1
0.880492,2,0.957447,0.035427,0.448081,0.002345,0.344381,0.562719,0
0.899075,4,0.510638,0.078119,0.578399,0.005112,0.573278,0.575,1
0.894252,6,0.808511,0.086466,0.679113,0.005634,0.54376,0.637719,1
0.02199,4,0.723404,0.057644,0.414906,0.003467,0.422915,0.414912,1
0.867749,1,0.06383,0.024949,0.16022,0.000841,0.297255,0.799561,0
0.017433,6,0.787234,0.119731,0.560845,0.003467,0.422915,0.414912,1
0.429583,6,0.361702,0.080611,0.3554,0.003467,0.422915,0.414912,1
0.000398,3,0.255319,0.114057,0.338143,0.003467,0.422915,0.414912,0
0.89412,3,0.0,0.176474,0.613657,0.011793,0.520715,0.635526,1
0.885359,0,0.148936,0.024469,0.099226,0.001629,0.202486,0.634211,0
0.005398,5,0.106383,0.064519,0.303184,0.003467,0.422915,0.414912,0
0.885182,3,0.87234,0.031284,0.514133,0.002113,0.452097,0.405702,0
0.871599,5,0.382979,0.037769,0.689973,0.002486,0.58493,0.534649,0
0.47436,0,0.021277,0.024739,0.126748,0.001645,0.174521,0.781579,0
0.867926,5,0.702128,0.029122,0.680006,0.001861,0.513723,0.745614,0
0.885005,6,0.957447,0.068302,0.401369,0.004668,0.344122,0.432895,0
0.885226,4,0.787234,0.063859,0.624517,0.004373,0.589332,0.311842,1
0.915667,3,0.808511,0.054461,0.452098,0.003646,0.491455,0.412281,0
0.438786,3,0.297872,0.053321,0.396311,0.003467,0.422915,0.414912,0
0.898544,6,0.361702,0.089168,0.519488,0.005638,0.415847,0.661842,1
0.451573,0,1.0,0.040231,0.487057,0.002416,0.437856,0.726316,1
0.438299,6,0.382979,0.050108,0.343499,0.003467,0.422915,0.414912,0
0.911774,6,0.702128,0.042302,0.326242,0.002725,0.32522,0.654386,0
0.009247,1,0.680851,0.119461,0.651592,0.003467,0.422915,0.414912,1
0.005177,0,0.319149,0.050859,0.552514,0.003467,0.422915,0.414912,0
4.4e-05,2,0.148936,0.040951,0.151889,0.003467,0.422915,0.414912,0
0.881421,2,0.510638,0.029002,0.494644,0.002029,0.56318,0.329386,0
0.889784,3,0.638298,0.053621,0.646236,0.003808,0.621958,0.29386,0
0.88558,5,0.808511,0.03939,0.603838,0.002746,0.625583,0.297807,0
0.872174,4,0.148936,0.019125,0.142368,0.000841,0.250388,0.875,0
0.915712,4,0.361702,0.094001,0.582118,0.00652,0.578198,0.311404,1
0.465201,2,0.744681,0.06641,0.488248,0.004616,0.505697,0.195614,1
0.429229,5,0.255319,0.056593,0.207676,0.003467,0.422915,0.414912,0
0.902748,4,1.0,0.089048,0.481553,0.005773,0.522527,0.680263,1
0.875802,0,0.659574,0.028161,0.311217,0.00141,0.266701,0.841667,1
0.456794,0,0.361702,0.030323,0.366111,0.001047,0.219316,0.769298,1
0.014159,1,0.404255,0.07938,0.648616,0.003467,0.422915,0.414912,1
0.907969,3,0.787234,0.043323,0.500893,0.002908,0.467115,0.375439,0
0.442901,6,0.042553,0.063408,0.431717,0.004327,0.409373,0.4,1
0.880359,6,0.382979,0.048037,0.443469,0.003222,0.307354,0.424561,1
0.428963,6,0.702128,0.058034,0.313895,0.003467,0.422915,0.414912,0
0.022079,6,0.106383,0.060106,0.090598,0.003467,0.422915,0.414912,1
0.915756,5,0.638298,0.0792,0.565457,0.005293,0.508286,0.42193,1
0.911464,6,0.851064,0.045515,0.349152,0.002906,0.330399,0.713158,0
0.911685,4,0.680851,0.058695,0.503719,0.004022,0.599689,0.285965,0
0.898146,4,0.595745,0.140717,0.682237,0.008988,0.617038,0.728947,1
0.022079,6,0.87234,0.073256,0.301398,0.003467,0.422915,0.414912,1
0.880846,3,0.361702,0.029152,0.476198,0.001892,0.511134,0.603947,1
0.438034,0,0.0,0.046806,0.281613,0.003467,0.422915,0.414912,0
0.438388,1,0.744681,0.098235,0.547754,0.003467,0.422915,0.414912,1
0.881111,2,0.93617,0.031374,0.42532,0.002098,0.380114,0.62807,0
0.912216,2,0.893617,0.053291,0.401815,0.003585,0.366132,0.428509,0
0.469758,1,0.425532,0.055632,0.593871,0.003789,0.549974,0.325439,1
0.447193,6,0.106383,0.036628,0.298274,0.002277,0.359917,0.762281,0
0.46467,4,0.276596,0.041161,0.370277,0.00286,0.365614,0.295175,0
0.027477,3,0.808511,0.053861,0.445254,0.003467,0.422915,0.414912,0
0.428919,5,0.978723,0.056593,0.303481,0.003467,0.422915,0.414912,0
0.889916,6,0.382979,0.753182,0.676584,0.049397,0.471776,0.668421,1
0.876421,0,0.574468,0.028462,0.30601,0.000762,0.215432,0.753947,1
0.885315,6,0.170213,0.017383,0.13374,0.00103,0.226567,0.713158,0
0.906995,2,0.553191,0.088807,0.517406,0.005989,0.595287,0.342105,1
0.460422,6,0.085106,0.032214,0.317763,0.002204,0.362765,0.446053,0
0.000796,5,0.425532,0.156989,0.466528,0.003467,0.422915,0.414912,1
0.447724,4,0.765957,0.043593,0.848408,0.002943,0.723718,0.299123,0
0.890093,3,0.106383,0.048397,0.388426,0.003162,0.454687,0.550439,0
0.876598,4,0.12766,0.027411,0.147278,0.000841,0.251942,0.840351,0
0.430069,3,0.021277,0.049838,0.290836,0.003467,0.422915,0.414912,0
4.4e-05,2,0.191489,0.041041,0.142071,0.003467,0.422915,0.414912,0
0.013805,0,0.893617,0.10478,0.689973,0.003467,0.422915,0.414912,1
0.433432,0,0.297872,0.073856,0.482446,0.003467,0.422915,0.414912,1
0.881023,0,0.553191,0.029422,0.287117,0.00103,0.230968,0.59693,1
0.447547,0,0.893617,0.041612,0.556382,0.002865,0.356551,0.522807,1
0.884828,2,0.702128,0.036628,0.625409,0.002507,0.57276,0.426316,1
0.000398,3,0.468085,0.107752,0.537043,0.003467,0.422915,0.414912,0
0.469404,0,0.914894,0.028972,0.316721,0.001909,0.208182,0.624123,0
0.46936,6,0.446809,0.042632,0.398691,0.002825,0.312532,0.614474,0
0.438963,0,0.638298,0.057974,0.446742,0.003467,0.422915,0.414912,1
0.013849,1,0.723404,0.090068,0.60488,0.003467,0.422915,0.414912,1
0.452281,2,0.021277,0.040591,0.550431,0.00273,0.461678,0.710526,1
0.018318,5,0.93617,0.084514,0.376525,0.003467,0.422915,0.414912,1
0.004248,0,0.595745,0.089798,0.479173,0.003467,0.422915,0.414912,1
0.890005,1,0.468085,0.028942,0.638649,0.002075,0.688503,0.217982,0
0.014026,5,0.446809,0.053381,0.498215,0.003467,0.422915,0.414912,0
0.013539,1,0.765957,0.043203,0.649509,0.003467,0.422915,0.414912,0
0.903013,3,0.87234,0.087366,0.553407,0.005887,0.548938,0.482018,1
0.433565,3,0.212766,0.068242,0.290687,0.003467,0.422915,0.414912,1
0.00031,1,0.361702,0.179596,0.523654,0.003467,0.422915,0.414912,1
0.031149,2,0.148936,0.074787,0.132104,0.003467,0.422915,0.414912,0
0.876731,0,0.680851,0.041822,0.504314,0.002705,0.54117,0.560965,1
0.912128,0,0.531915,0.043173,0.302737,0.002833,0.261781,0.685965,1
0.442768,3,0.829787,0.073106,0.593425,0.005012,0.517607,0.365351,1
0.898633,1,0.404255,0.139156,0.709461,0.009408,0.668048,0.34693,1
0.460201,1,0.382979,0.05287,0.564713,0.003577,0.595546,0.258772,1
0.86828,6,0.085106,0.027021,0.165129,0.001271,0.265924,0.748246,0
0.880757,1,0.93617,0.031374,0.29753,0.000976,0.254013,0.778947,1
0.425158,3,0.170213,0.056923,0.138203,0.003467,0.422915,0.414912,0
0.434317,6,0.510638,0.056023,0.31568,0.003467,0.422915,0.414912,1
0.893987,0,0.297872,0.043413,0.293811,0.00146,0.227602,0.838158,0
0.894164,4,0.851064,0.075748,0.780422,0.005079,0.675039,0.531579,1
0.872085,2,0.319149,0.021706,0.461916,0.001377,0.528483,0.689912,0
0.889872,5,0.319149,0.400024,0.777298,0.027266,0.71854,0.482018,1
0.446794,4,0.340426,0.095022,0.658286,0.006311,0.567582,0.568421,1
0.424848,3,0.702128,0.066531,0.418477,0.003467,0.422915,0.414912,1
0.867307,5,0.404255,0.045935,0.519637,0.003097,0.488348,0.478509,1
0.014336,5,0.340426,0.080191,0.464296,0.003467,0.422915,0.414912,1
0.005088,5,0.765957,0.116969,0.627641,0.003467,0.422915,0.414912,1
0.434229,4,0.191489,0.076438,0.219875,0.003467,0.422915,0.414912,1
0.429406,2,0.510638,0.077219,0.529158,0.003467,0.422915,0.414912,1
0.908101,6,0.06383,0.045304,0.24814,0.003066,0.370533,0.460526,0
0.031238,4,0.021277,0.074817,0.300803,0.003467,0.422915,0.414912,0
0.898456,4,0.957447,0.059926,0.569027,0.003268,0.42465,0.584211,0
0.889253,5,0.06383,0.029212,0.405832,0.00183,0.406784,0.546491,1
0.912261,3,0.404255,0.085055,0.548795,0.005825,0.570689,0.289035,1
0.43445,2,0.361702,0.070974,0.547159,0.003467,0.422915,0.414912,1
0.898633,1,0.489362,0.138135,0.658137,0.009267,0.628431,0.306579,1
0.880581,4,0.382979,0.03975,0.568432,0.002659,0.525634,0.530263,1
0.018274,4,0.0,0.046866,0.41684,0.003467,0.422915,0.414912,1
0.443299,1,0.021277,0.044164,0.330408,0.002983,0.320818,0.507456,0
0.465643,5,0.553191,0.081602,0.612764,0.005567,0.509581,0.491228,1
0.880404,0,0.468085,0.033716,0.359863,0.001502,0.24029,0.744737,0
0.00031,1,0.042553,0.047256,0.409551,0.003467,0.422915,0.414912,0
0.455909,1,0.553191,0.07941,0.582118,0.005617,0.714915,0.185526,1
0.433521,2,0.893617,0.051849,0.377715,0.003467,0.422915,0.414912,0
0.442458,3,0.765957,0.142578,0.581672,0.009709,0.648628,0.500526,1
0.428919,5,0.191489,0.070734,0.125855,0.003467,0.422915,0.414912,0
0.027388,1,0.914894,0.086916,0.393335,0.003467,0.422915,0.414912,1
0.446662,1,0.255319,0.048097,0.400327,0.002715,0.358105,0.748246,1
0.907216,0,0.595745,0.054762,0.263612,0.003577,0.277835,0.667105,0
0.898146,4,0.297872,0.05278,0.577209,0.003486,0.607716,0.432456,0
0.911774,6,0.659574,0.042632,0.325201,0.002765,0.316934,0.705263,0
0.02261,4,0.212766,0.057043,0.173163,0.003467,0.422915,0.414912,0
0.000575,0,0.531915,0.119731,0.494644,0.003467,0.422915,0.414912,1
0.447193,6,0.808511,0.043533,0.643261,0.003051,0.464267,0.517544,1
0.005088,5,0.553191,0.056323,0.375632,0.003467,0.422915,0.414912,0
0.452281,2,0.234043,0.030893,0.332193,0.002081,0.316157,0.748684,0
0.447591,1,0.255319,0.055032,0.422047,0.003498,0.339979,0.695614,1
0.87589,2,0.893617,0.032965,0.460875,0.001386,0.441481,0.725439,0
0.451175,5,0.723404,0.05266,0.741892,0.003419,0.589591,0.552193,1
0.017477,0,0.893617,0.10535,0.530348,0.003467,0.422915,0.414912,1
0.004867,0,0.510638,0.074997,0.575722,0.003467,0.422915,0.414912,0
0.433698,6,0.702128,0.046535,0.307647,0.003467,0.422915,0.414912,0
0.894695,2,0.042553,0.062237,0.518298,0.00409,0.527965,0.524123,0
0.9158,6,0.106383,0.046205,0.159923,0.003195,0.25738,0.38114,0
0.434317,6,0.595745,0.06542,0.29396,0.003467,0.422915,0.414912,1
0.451484,5,0.021277,0.038699,0.575275,0.002574,0.491714,0.691228,0
0.022477,1,0.638298,0.106071,0.481999,0.003467,0.422915,0.414912,1
0.902571,0,0.744681,0.057944,0.371318,0.003901,0.356551,0.463596,0
0.903234,1,0.659574,0.0786,0.488843,0.005326,0.537286,0.44386,1
0.469935,5,0.404255,0.045515,0.682386,0.003108,0.516572,0.315789,0
0.885359,0,0.744681,0.18365,0.528414,0.012123,0.458571,0.686404,1
0.000664,2,0.404255,0.168338,0.624517,0.003467,0.422915,0.414912,1
0.885359,0,0.340426,0.029602,0.285183,0.001084,0.170896,0.769737,0
0.885492,3,0.787234,0.0783,0.639393,0.005343,0.682807,0.377193,1
0.000841,6,0.553191,0.087426,0.274026,0.003467,0.422915,0.414912,0
0.018406,0,0.06383,0.046385,0.234157,0.003467,0.422915,0.414912,0
0.473961,5,0.744681,0.02576,0.46385,0.001685,0.357587,0.759211,0
0.030751,0,0.829787,0.088807,0.464445,0.003467,0.422915,0.414912,1
0.030751,0,0.425532,0.111625,0.597441,0.003467,0.422915,0.414912,1
0.468962,4,0.617021,0.053381,0.499405,0.003652,0.58493,0.182456,1
0.906907,0,0.0,0.041281,0.28429,0.002796,0.313827,0.465789,0
0.026857,3,0.851064,0.104449,0.466379,0.003467,0.422915,0.414912,1
0.446839,5,0.531915,0.043653,0.539572,0.003008,0.494562,0.487719,1
0.031415,1,0.723404,0.062838,0.481256,0.003467,0.422915,0.414912,0
0.881288,6,0.765957,0.042152,0.44942,0.002767,0.450285,0.583333,1
0.460776,0,0.276596,0.028041,0.149807,0.001928,0.099689,0.400439,0
0.995575,0,0.06383,0.077369,0.271199,0.005077,0.40057,0.569737,1
0.898235,6,0.382979,0.096223,0.63136,0.005715,0.457535,0.757456,1
0.465422,0,0.638298,0.027951,0.3072,0.001876,0.268773,0.610088,1
0.026547,3,0.595745,0.097694,0.458197,0.003467,0.422915,0.414912,1
0.469758,1,0.829787,0.04005,0.498959,0.002773,0.406007,0.334649,0
0.469935,5,0.957447,0.029182,0.448378,0.001998,0.250388,0.623684,0
0.434273,5,0.702128,0.044134,0.321333,0.003467,0.422915,0.414912,0
0.425335,0,0.595745,0.093821,0.589705,0.003467,0.422915,0.414912,1
0.903013,3,0.297872,0.06533,0.496132,0.004398,0.552822,0.38114,0
0.911862,1,0.829787,0.043983,0.444064,0.002916,0.449508,0.441228,0
0.0223,4,0.021277,0.056293,0.385897,0.003467,0.422915,0.414912,0
0.447856,0,0.021277,0.038759,0.390062,0.002489,0.355774,0.664474,1
0.013893,2,0.425532,0.083644,0.675692,0.003467,0.422915,0.414912,1
0.907924,2,0.212766,0.079711,0.305861,0.005272,0.381668,0.564474,1
0.451086,3,0.723404,0.047106,0.761827,0.003116,0.698343,0.356579,1
0.876244,3,1.0,0.032034,0.393038,0.001973,0.417659,0.727632,1
0.876997,6,0.723404,0.035967,0.39393,0.002391,0.2913,0.534649,1
0.455998,3,0.148936,0.032965,0.269265,0.002192,0.31072,0.781579,0
0.026813,2,0.617021,0.126186,0.569027,0.003467,0.422915,0.414912,1
0.424937,5,0.93617,0.058394,0.291282,0.003467,0.422915,0.414912,0
0.022654,5,0.957447,0.081812,0.304671,0.003467,0.422915,0.414912,0
0.013274,2,0.659574,0.086135,0.478429,0.003467,0.422915,0.414912,1
0.455732,4,0.978723,0.05242,0.577804,0.003608,0.493527,0.383333,1
0.474315,6,0.93617,0.02693,0.257661,0.001764,0.155101,0.829825,1
0.8812,4,0.106383,0.029422,0.224338,0.001776,0.343604,0.67807,0
0.460289,3,0.297872,0.038699,0.472776,0.002648,0.466857,0.249123,0
0.433609,4,0.425532,0.083283,0.535852,0.003467,0.422915,0.414912,1
0.004734,4,0.617021,0.075117,0.526629,0.003467,0.422915,0.414912,0
0.000133,4,0.297872,0.089798,0.405832,0.003467,0.422915,0.414912,1
0.885359,0,0.468085,0.336526,0.426361,0.002009,0.239513,0.64693,1
0.424981,6,0.723404,0.077789,0.263761,0.003467,0.422915,0.414912,1
0.447768,5,0.234043,0.025219,0.323564,0.001599,0.268773,0.725,0
0.473917,4,0.893617,0.032785,0.438857,0.002131,0.324702,0.791667,1
0.433476,1,0.361702,0.076828,0.578994,0.003467,0.422915,0.414912,1
0.968895,0,0.510638,0.048847,0.407766,0.002009,0.321077,0.59386,0
0.013318,3,0.851064,0.11889,0.755132,0.003467,0.422915,0.414912,1
0.425733,2,0.425532,0.101477,0.553704,0.003467,0.422915,0.414912,1
0.0273,6,0.297872,0.083554,0.229694,0.003467,0.422915,0.414912,1
0.433698,6,0.93617,0.046535,0.29515,0.003467,0.422915,0.414912,0
0.894695,2,0.617021,0.074967,0.59878,0.005085,0.66986,0.34693,0
0.424583,4,0.255319,0.074817,0.204403,0.003467,0.422915,0.414912,1
0.004292,1,0.680851,0.046956,0.529604,0.003467,0.422915,0.414912,0
0.903279,2,0.659574,0.087426,0.495983,0.005847,0.523563,0.467105,1
0.881288,6,0.425532,0.036177,0.394525,0.002331,0.301139,0.659649,1
0.877041,0,0.93617,0.038189,0.322821,0.002547,0.217763,0.478947,1
0.434007,6,0.276596,0.055032,0.163642,0.003467,0.422915,0.414912,1
0.87182,3,0.531915,0.032335,0.607111,0.002108,0.786121,0.302193,1
0.429317,0,0.361702,0.106851,0.670187,0.003467,0.422915,0.414912,1
0.894828,5,0.574468,0.069773,0.597292,0.004682,0.682289,0.417544,0
0.455644,2,0.680851,0.036087,0.556382,0.002424,0.512688,0.576754,0
0.867749,1,0.382979,0.028912,0.579292,0.001876,0.516313,0.669737,0
0.023052,0,0.914894,0.076378,0.377566,0.003467,0.422915,0.414912,0
0.889297,6,0.87234,0.028522,0.419518,0.001886,0.396945,0.638596,0
0.000664,2,0.723404,0.155878,0.622434,0.003467,0.422915,0.414912,1
0.031724,1,0.744681,0.055242,0.382029,0.003467,0.422915,0.414912,0
0.013539,1,0.595745,0.075117,0.463106,0.003467,0.422915,0.414912,0
0.907261,1,0.829787,0.163744,0.501488,0.01076,0.700932,0.441667,1
0.881333,0,0.531915,0.029422,0.317911,0.00189,0.290523,0.64693,1
0.468829,1,0.531915,0.032034,0.492115,0.002162,0.308131,0.480702,0
0.871731,3,0.468085,0.074096,0.505058,0.004954,0.583118,0.444298,1
0.464625,3,0.489362,0.068932,0.483785,0.004753,0.484464,0.335088,0
0.89412,3,0.723404,0.077009,0.74576,0.005299,0.76204,0.368421,0
0.018406,0,0.489362,0.089648,0.479322,0.003467,0.422915,0.414912,1
0.86828,6,0.510638,0.032064,0.458643,0.002069,0.383221,0.834649,1
0.442237,4,0.87234,0.055302,0.400625,0.003467,0.422915,0.414912,0
0.031724,1,0.276596,0.054131,0.300655,0.003467,0.422915,0.414912,0
0.000487,5,0.042553,0.044073,0.412824,0.003467,0.422915,0.414912,0
0.885005,6,0.234043,0.042692,0.139393,0.002904,0.191352,0.474123,0
0.005221,1,0.914894,0.074667,0.530348,0.003467,0.422915,0.414912,1
0.876598,4,0.659574,0.029813,0.592978,0.001965,0.608493,0.536404,1
0.465466,1,0.723404,0.051729,0.530646,0.003577,0.43682,0.387719,1
0.893766,2,0.0,0.054612,0.542696,0.003689,0.454687,0.576316,1
0.898102,3,0.404255,0.077969,0.687742,0.005154,0.660798,0.514912,1
0.468829,1,0.319149,0.030323,0.457453,0.00205,0.348006,0.42807,1
0.425689,1,0.297872,0.09265,0.457751,0.003467,0.422915,0.414912,1
0.460909,3,0.510638,0.174373,0.637905,0.011849,0.445883,0.46886,1
0.87682,2,0.617021,0.028732,0.567688,0.001886,0.522527,0.539474,0
0.911995,4,0.212766,0.072985,0.330408,0.004879,0.359917,0.596491,1
0.876554,3,0.255319,0.028582,0.438262,0.001826,0.529518,0.567105,0
0.005221,1,0.893617,0.089618,0.588218,0.003467,0.422915,0.414912,1
0.443299,1,0.914894,0.042662,0.428295,0.002835,0.4174,0.630702,0
0.004557,0,0.06383,0.058514,0.246355,0.003467,0.422915,0.414912,0
0.893854,4,0.851064,0.136123,0.821035,0.008961,0.684102,0.572368,1
0.894518,5,0.0,0.064189,0.587325,0.004225,0.534697,0.598246,0
0.005221,1,0.723404,0.106731,0.738471,0.003467,0.422915,0.414912,1
0.013893,2,0.914894,0.058544,0.58554,0.003467,0.422915,0.414912,0
0.004956,2,0.744681,0.056323,0.740405,0.003467,0.422915,0.414912,0
0.885005,6,0.425532,0.089978,0.502083,0.005904,0.362248,0.520175,1
0.889651,0,0.808511,0.110214,0.593127,0.007374,0.467892,0.629386,1
0.438034,0,0.957447,0.049898,0.432461,0.003467,0.422915,0.414912,0
0.474448,2,0.340426,0.036057,0.42413,0.002478,0.234593,0.379386,0
0.893545,4,0.446809,0.077609,0.685659,0.005189,0.670637,0.467105,0
0.433875,3,0.212766,0.045334,0.291282,0.003467,0.422915,0.414912,0
0.898013,1,0.042553,0.05212,0.380839,0.003378,0.457535,0.6,0
0.009778,6,0.702128,0.077039,0.476793,0.003467,0.422915,0.414912,1
0.88943,2,0.595745,0.028882,0.548944,0.002017,0.55826,0.402193,0
0.897925,6,0.574468,0.057344,0.440643,0.003066,0.410668,0.711842,0
0.442768,3,0.212766,0.043683,0.227611,0.002852,0.223459,0.765789,0
0.894429,3,0.0,0.063528,0.577804,0.004173,0.488089,0.609211,0
0.902615,1,0.148936,0.050468,0.157691,0.003317,0.263594,0.651316,0
0.889784,3,0.680851,0.087276,0.714073,0.006118,0.621699,0.449561,1
0.90319,0,0.212766,0.027921,0.083606,0.001867,0.141895,0.548246,0
0.902925,1,0.680851,0.087426,0.497173,0.005833,0.558778,0.482895,1
0.469669,6,0.680851,0.044914,0.339334,0.003033,0.417918,0.473246,1
0.030839,2,0.723404,0.102798,0.491372,0.003467,0.422915,0.414912,1
0.87682,2,0.468085,0.030623,0.639839,0.002017,0.543242,0.572368,0
0.875846,1,0.87234,0.027141,0.410295,0.00156,0.430088,0.769298,0
0.446794,4,0.659574,0.044854,0.497917,0.003062,0.49275,0.515351,1
0.911774,6,0.361702,0.073316,0.477536,0.004171,0.403418,0.672807,1
0.880359,6,0.978723,0.041431,0.342011,0.002709,0.321077,0.503947,0
0.903279,2,0.0,0.087396,0.461024,0.005814,0.44666,0.592982,1
0.876156,4,0.574468,0.112105,0.464148,0.007636,0.595546,0.388158,1
0.88089,4,0.617021,0.027771,0.459387,0.001853,0.473071,0.621491,0
0.447856,0,0.425532,0.045815,0.653972,0.003066,0.277059,0.738596,1
0.425556,5,0.744681,0.074427,0.312853,0.003467,0.422915,0.414912,1
0.004823,6,0.212766,0.060886,0.119161,0.003467,0.422915,0.414912,0
0.442547,5,0.957447,0.071694,0.527968,0.00479,0.394614,0.500526,0
0.452369,4,0.191489,0.032755,0.26748,0.00221,0.273175,0.767982,0
0.001062,4,0.851064,0.043983,0.5241,0.003467,0.422915,0.414912,0
0.474183,3,0.212766,0.027231,0.224338,0.001793,0.189021,0.894737,0
0.889076,1,0.617021,0.027561,0.49152,0.001899,0.534697,0.446053,0
0.893899,5,0.680851,0.072805,0.676436,0.004751,0.644226,0.636842,0
0.880669,6,0.638298,0.032635,0.273728,0.002025,0.182289,0.836842,0
0.447193,6,0.617021,0.045875,0.361797,0.002862,0.389177,0.62193,1
0.885359,0,0.702128,0.081422,0.384112,0.005272,0.322631,0.767105,0
0.880713,0,0.0,0.033686,0.250669,0.002106,0.261264,0.814912,0
0.876864,3,0.06383,0.028762,0.214668,0.001878,0.330917,0.524561,0
0.876687,6,0.489362,0.037468,0.515025,0.002302,0.371569,0.699561,1
0.469669,6,0.638298,0.045545,0.352722,0.003066,0.394355,0.508333,1
0.022521,2,0.957447,0.086976,0.414014,0.003467,0.422915,0.414912,1
0.026592,4,0.680851,0.074517,0.43127,0.003467,0.422915,0.414912,0
0.433476,1,0.382979,0.076828,0.560696,0.003467,0.422915,0.414912,1
0.446794,4,0.06383,0.032094,0.432014,0.001778,0.432418,0.765789,0
0.8762,2,0.829787,0.032515,0.466528,0.000899,0.481098,0.57193,1
0.45175,4,1.0,0.056893,0.63493,0.003853,0.525375,0.548246,1
0.447812,6,0.893617,0.03912,0.533918,0.002611,0.351113,0.652632,1
0.014203,2,0.106383,0.040651,0.29158,0.003467,0.422915,0.414912,0
0.434317,6,0.468085,0.056023,0.326986,0.003467,0.422915,0.414912,1
0.005044,4,0.170213,0.056173,0.201279,0.003467,0.422915,0.414912,1
0.018008,5,0.382979,0.078029,0.488099,0.003467,0.422915,0.414912,0
0.005044,4,0.531915,0.042572,0.528414,0.003467,0.422915,0.414912,0
0.026813,2,0.382979,0.09247,0.539572,0.003467,0.422915,0.414912,1
0.911685,4,0.787234,0.049688,0.475751,0.003376,0.530036,0.309649,0
0.00469,3,0.106383,0.076798,0.325647,0.003467,0.422915,0.414912,0
